CiscoVT2people_320x192_12fps.yuv, SliceMode, SlcNum, PicW, PicH, ThrdNum, SliceSize, AllocSize, FreeSize, LeakSize, FPS
 CiscoVT2people_320x192_12fps.yuv, 0, 1, 320, 192, 1, 1500, , , ,   
 CiscoVT2people_320x192_12fps.yuv, 0, 1, 320, 192, 2, 1500, , , ,   
 CiscoVT2people_320x192_12fps.yuv, 0, 1, 320, 192, 3, 1500, , , ,   
 CiscoVT2people_320x192_12fps.yuv, 0, 1, 320, 192, 4, 1500, , , ,   
 CiscoVT2people_320x192_12fps.yuv, 1, 4, 320, 192, 1, 1500, , , ,   
 CiscoVT2people_320x192_12fps.yuv, 1, 4, 320, 192, 2, 1500, , , ,   
 CiscoVT2people_320x192_12fps.yuv, 1, 4, 320, 192, 3, 1500, , , ,   
 CiscoVT2people_320x192_12fps.yuv, 1, 4, 320, 192, 4, 1500, , , ,   
 CiscoVT2people_320x192_12fps.yuv, 2, 4, 320, 192, 1, 1500, , , ,   
 CiscoVT2people_320x192_12fps.yuv, 2, 4, 320, 192, 2, 1500, , , ,   
 CiscoVT2people_320x192_12fps.yuv, 2, 4, 320, 192, 3, 1500, , , ,   
 CiscoVT2people_320x192_12fps.yuv, 2, 4, 320, 192, 4, 1500, , , ,   
 CiscoVT2people_320x192_12fps.yuv, 3, 0, 320, 192, 1, 1500, , , ,   
 CiscoVT2people_320x192_12fps.yuv, 3, 0, 320, 192, 2, 1500, , , ,   
 CiscoVT2people_320x192_12fps.yuv, 3, 0, 320, 192, 3, 1500, , , ,   
 CiscoVT2people_320x192_12fps.yuv, 3, 0, 320, 192, 4, 1500, , , ,   
