SlideShowFast_SCC_2880x1800.yuv, SliceMode, SlcNum, PicW, PicH, ThrdNum, SliceSize, AllocSize, FreeSize, LeakSize, FPS
 SlideShowFast_SCC_2880x1800.yuv, 0, 1, 2880, 1800, 1, 1500, , , ,   
 SlideShowFast_SCC_2880x1800.yuv, 0, 1, 2880, 1800, 2, 1500, , , ,   
 SlideShowFast_SCC_2880x1800.yuv, 0, 1, 2880, 1800, 3, 1500, , , ,   
 SlideShowFast_SCC_2880x1800.yuv, 0, 1, 2880, 1800, 4, 1500, , , ,   
 SlideShowFast_SCC_2880x1800.yuv, 1, 4, 2880, 1800, 1, 1500, , , ,   
 SlideShowFast_SCC_2880x1800.yuv, 1, 4, 2880, 1800, 2, 1500, , , ,   
 SlideShowFast_SCC_2880x1800.yuv, 1, 4, 2880, 1800, 3, 1500, , , ,   
 SlideShowFast_SCC_2880x1800.yuv, 1, 4, 2880, 1800, 4, 1500, , , ,   
 SlideShowFast_SCC_2880x1800.yuv, 2, 4, 2880, 1800, 1, 1500, , , ,   
 SlideShowFast_SCC_2880x1800.yuv, 2, 4, 2880, 1800, 2, 1500, , , ,   
 SlideShowFast_SCC_2880x1800.yuv, 2, 4, 2880, 1800, 3, 1500, , , ,   
 SlideShowFast_SCC_2880x1800.yuv, 2, 4, 2880, 1800, 4, 1500, , , ,   
 SlideShowFast_SCC_2880x1800.yuv, 3, 0, 2880, 1800, 1, 1500, , , ,   
 SlideShowFast_SCC_2880x1800.yuv, 3, 0, 2880, 1800, 2, 1500, , , ,   
 SlideShowFast_SCC_2880x1800.yuv, 3, 0, 2880, 1800, 3, 1500, , , ,   
 SlideShowFast_SCC_2880x1800.yuv, 3, 0, 2880, 1800, 4, 1500, , , ,   
