Zhuling_1280x720.yuv, SliceMode, SlcNum, PicW, PicH, ThrdNum, SliceSize, AllocSize, FreeSize, LeakSize, FPS
 Zhuling_1280x720.yuv, 0, 1, 1280, 720, 1, 1500, , , ,   
 Zhuling_1280x720.yuv, 0, 1, 1280, 720, 2, 1500, , , ,   
 Zhuling_1280x720.yuv, 0, 1, 1280, 720, 3, 1500, , , ,   
 Zhuling_1280x720.yuv, 0, 1, 1280, 720, 4, 1500, , , ,   
 Zhuling_1280x720.yuv, 1, 4, 1280, 720, 1, 1500, , , ,   
 Zhuling_1280x720.yuv, 1, 4, 1280, 720, 2, 1500, , , ,   
 Zhuling_1280x720.yuv, 1, 4, 1280, 720, 3, 1500, , , ,   
 Zhuling_1280x720.yuv, 1, 4, 1280, 720, 4, 1500, , , ,   
 Zhuling_1280x720.yuv, 2, 4, 1280, 720, 1, 1500, , , ,   
 Zhuling_1280x720.yuv, 2, 4, 1280, 720, 2, 1500, , , ,   
 Zhuling_1280x720.yuv, 2, 4, 1280, 720, 3, 1500, , , ,   
 Zhuling_1280x720.yuv, 2, 4, 1280, 720, 4, 1500, , , ,   
 Zhuling_1280x720.yuv, 3, 0, 1280, 720, 1, 1500, , , ,   
 Zhuling_1280x720.yuv, 3, 0, 1280, 720, 2, 1500, , , ,   
 Zhuling_1280x720.yuv, 3, 0, 1280, 720, 3, 1500, , , ,   
 Zhuling_1280x720.yuv, 3, 0, 1280, 720, 4, 1500, , , ,   
