xuemei_640x360.yuv, SliceMode, SlcNum, PicW, PicH, ThrdNum, SliceSize, AllocSize, FreeSize, LeakSize, FPS
 xuemei_640x360.yuv, 0, 1, 640, 360, 1, 1500, , , ,   
 xuemei_640x360.yuv, 0, 1, 640, 360, 2, 1500, , , ,   
 xuemei_640x360.yuv, 0, 1, 640, 360, 3, 1500, , , ,   
 xuemei_640x360.yuv, 0, 1, 640, 360, 4, 1500, , , ,   
 xuemei_640x360.yuv, 1, 4, 640, 360, 1, 1500, , , ,   
 xuemei_640x360.yuv, 1, 4, 640, 360, 2, 1500, , , ,   
 xuemei_640x360.yuv, 1, 4, 640, 360, 3, 1500, , , ,   
 xuemei_640x360.yuv, 1, 4, 640, 360, 4, 1500, , , ,   
 xuemei_640x360.yuv, 2, 4, 640, 360, 1, 1500, , , ,   
 xuemei_640x360.yuv, 2, 4, 640, 360, 2, 1500, , , ,   
 xuemei_640x360.yuv, 2, 4, 640, 360, 3, 1500, , , ,   
 xuemei_640x360.yuv, 2, 4, 640, 360, 4, 1500, , , ,   
 xuemei_640x360.yuv, 3, 0, 640, 360, 1, 1500, , , ,   
 xuemei_640x360.yuv, 3, 0, 640, 360, 2, 1500, , , ,   
 xuemei_640x360.yuv, 3, 0, 640, 360, 3, 1500, , , ,   
 xuemei_640x360.yuv, 3, 0, 640, 360, 4, 1500, , , ,   
